id,name,state,district,donation_url
57256,Alyse Galvin,AK,AL,https://secure.actblue.com/contribute/entity/57256
88460,James Averhart,AL,01,https://secure.actblue.com/contribute/entity/88460
89509,Phyllis Harvey-Hall,AL,02,https://secure.actblue.com/contribute/entity/89509
89263,Adia Winfrey,AL,03,https://secure.actblue.com/contribute/entity/89263
90197,Rick Neighbors,AL,04,https://secure.actblue.com/contribute/entity/90197
21825,Terri Sewell,AL,07,https://secure.actblue.com/contribute/entity/21825
89290,Joyce Elliott,AR,02,https://secure.actblue.com/contribute/entity/89290
83310,Celeste Williams,AR,03,https://secure.actblue.com/contribute/entity/83310
86594,William Hanson,AR,04,https://secure.actblue.com/contribute/entity/86594
40543,Tom O'Halleran,AZ,01,https://secure.actblue.com/contribute/entity/40543
52546,Ann Kirkpatrick,AZ,02,https://secure.actblue.com/contribute/entity/52546
12662,Raul Grijalva,AZ,03,https://secure.actblue.com/contribute/entity/12662
82182,Delina DiSanto,AZ,04,https://secure.actblue.com/contribute/entity/82182
52915,Joan Greene,AZ,05,https://secure.actblue.com/contribute/entity/52915
80975,Hiral Tipirneni,AZ,06,https://secure.actblue.com/contribute/entity/80975
36462,Ruben Gallego,AZ,07,https://secure.actblue.com/contribute/entity/36462
81534,Michael Muscato,AZ,08,https://secure.actblue.com/contribute/entity/81534
53310,Greg Stanton,AZ,09,https://secure.actblue.com/contribute/entity/53310
57197,Audrey Denney,CA,01,https://secure.actblue.com/contribute/entity/57197
32678,Jared Huffman,CA,02,https://secure.actblue.com/contribute/entity/32678
22575,John Garamendi,CA,03,https://secure.actblue.com/contribute/entity/22575
81472,Brynne Kennedy,CA,04,https://secure.actblue.com/contribute/entity/81472
12664,Mike Thompson,CA,05,https://secure.actblue.com/contribute/entity/12664
12665,Doris Matsui,CA,06,https://secure.actblue.com/contribute/entity/12665
22341,Ami Bera,CA,07,https://secure.actblue.com/contribute/entity/22341
81105,Chris Bubser,CA,08,https://secure.actblue.com/contribute/entity/81105
26585,Jerry McNerney,CA,09,https://secure.actblue.com/contribute/entity/26585
49974,Josh Harder,CA,10,https://secure.actblue.com/contribute/entity/49974
57256,Alyse Galvin,AK,AL,https://secure.actblue.com/contribute/entity/57256
88460,James Averhart,AL,01,https://secure.actblue.com/contribute/entity/88460
89509,Phyllis Harvey-Hall,AL,02,https://secure.actblue.com/contribute/entity/89509
89263,Adia Winfrey,AL,03,https://secure.actblue.com/contribute/entity/89263
90197,Rick Neighbors,AL,04,https://secure.actblue.com/contribute/entity/90197
21825,Terri Sewell,AL,07,https://secure.actblue.com/contribute/entity/21825
89290,Joyce Elliott,AR,02,https://secure.actblue.com/contribute/entity/89290
83310,Celeste Williams,AR,03,https://secure.actblue.com/contribute/entity/83310
86594,William Hanson,AR,04,https://secure.actblue.com/contribute/entity/86594
40543,Tom O'Halleran,AZ,01,https://secure.actblue.com/contribute/entity/40543
52546,Ann Kirkpatrick,AZ,02,https://secure.actblue.com/contribute/entity/52546
12662,Raul Grijalva,AZ,03,https://secure.actblue.com/contribute/entity/12662
82182,Delina DiSanto,AZ,04,https://secure.actblue.com/contribute/entity/82182
52915,Joan Greene,AZ,05,https://secure.actblue.com/contribute/entity/52915
80975,Hiral Tipirneni,AZ,06,https://secure.actblue.com/contribute/entity/80975
36462,Ruben Gallego,AZ,07,https://secure.actblue.com/contribute/entity/36462
81534,Michael Muscato,AZ,08,https://secure.actblue.com/contribute/entity/81534
53310,Greg Stanton,AZ,09,https://secure.actblue.com/contribute/entity/53310
57197,Audrey Denney,CA,01,https://secure.actblue.com/contribute/entity/57197
32678,Jared Huffman,CA,02,https://secure.actblue.com/contribute/entity/32678
22575,John Garamendi,CA,03,https://secure.actblue.com/contribute/entity/22575
81472,Brynne Kennedy,CA,04,https://secure.actblue.com/contribute/entity/81472
12664,Mike Thompson,CA,05,https://secure.actblue.com/contribute/entity/12664
12665,Doris Matsui,CA,06,https://secure.actblue.com/contribute/entity/12665
22341,Ami Bera,CA,07,https://secure.actblue.com/contribute/entity/22341
81105,Chris Bubser,CA,08,https://secure.actblue.com/contribute/entity/81105
26585,Jerry McNerney,CA,09,https://secure.actblue.com/contribute/entity/26585
49974,Josh Harder,CA,10,https://secure.actblue.com/contribute/entity/49974
35948,Mark DeSaulnier,CA,11,https://secure.actblue.com/contribute/entity/35948
12668,Nancy Pelosi,CA,12,https://secure.actblue.com/contribute/entity/12668
79820,Shahid Buttar,CA,12,https://secure.actblue.com/contribute/entity/79820
12669,Barbara Lee,CA,13,https://secure.actblue.com/contribute/entity/12669
18726,Jackie Speier,CA,14,https://secure.actblue.com/contribute/entity/18726
35367,Eric Swalwell,CA,15,https://secure.actblue.com/contribute/entity/35367
12679,Jim Costa,CA,16,https://secure.actblue.com/contribute/entity/12679
47955,Ro Khanna,CA,17,https://secure.actblue.com/contribute/entity/47955
12674,Anna Eshoo,CA,18,https://secure.actblue.com/contribute/entity/12674
78302,Rishi Kumar,CA,18,https://secure.actblue.com/contribute/entity/78302
12676,Zoe Lofgren,CA,19,https://secure.actblue.com/contribute/entity/12676
46758,Jimmy Panetta,CA,20,https://secure.actblue.com/contribute/entity/46758
52013,TJ Cox,CA,21,https://secure.actblue.com/contribute/entity/52013
83099,Phil Arballo,CA,22,https://secure.actblue.com/contribute/entity/83099
84932,Kim Mangone,CA,23,https://secure.actblue.com/contribute/entity/84932
60356,Mary Helen Barro,CA,23,https://secure.actblue.com/contribute/entity/60356
40776,Salud Carbajal,CA,24,https://secure.actblue.com/contribute/entity/40776
90880,Christy Smith,CA,25,https://secure.actblue.com/contribute/entity/90880
29029,Julia Brownley,CA,26,https://secure.actblue.com/contribute/entity/29029
21630,Judy Chu,CA,27,https://secure.actblue.com/contribute/entity/21630
12683,Adam Schiff,CA,28,https://secure.actblue.com/contribute/entity/12683
81660,Angelica Duenas,CA,29,https://secure.actblue.com/contribute/entity/81660
27597,Tony Cardenas,CA,29,https://secure.actblue.com/contribute/entity/27597
12681,Brad Sherman,CA,30,https://secure.actblue.com/contribute/entity/12681
28647,Pete Aguilar,CA,31,https://secure.actblue.com/contribute/entity/28647
12692,Grace Napolitano,CA,32,https://secure.actblue.com/contribute/entity/12692
36122,Ted Lieu,CA,33,https://secure.actblue.com/contribute/entity/36122
84778,David Kim,CA,34,https://secure.actblue.com/contribute/entity/84778
47189,Jimmy Gomez,CA,34,https://secure.actblue.com/contribute/entity/47189
36424,Norma Torres,CA,35,https://secure.actblue.com/contribute/entity/36424
28215,Raul Ruiz,CA,36,https://secure.actblue.com/contribute/entity/28215
24060,Karen Bass,CA,37,https://secure.actblue.com/contribute/entity/24060
12693,Linda Sanchez,CA,38,https://secure.actblue.com/contribute/entity/12693
89300,Michael Tolar,CA,38,https://secure.actblue.com/contribute/entity/89300
52269,Gil Cisneros,CA,39,https://secure.actblue.com/contribute/entity/52269
12688,Lucille Roybal-Allard,CA,40,https://secure.actblue.com/contribute/entity/12688
27422,Mark Takano,CA,41,https://secure.actblue.com/contribute/entity/27422
79752,Liam O'Mara,CA,42,https://secure.actblue.com/contribute/entity/79752
12689,Maxine Waters,CA,43,https://secure.actblue.com/contribute/entity/12689
39587,Nanette Barragan,CA,44,https://secure.actblue.com/contribute/entity/39587
49323,Katie Porter,CA,45,https://secure.actblue.com/contribute/entity/49323
40044,Lou Correa,CA,46,https://secure.actblue.com/contribute/entity/40044
28081,Alan Lowenthal,CA,47,https://secure.actblue.com/contribute/entity/28081
48590,Harley Rouda,CA,48,https://secure.actblue.com/contribute/entity/48590
48661,Mike Levin,CA,49,https://secure.actblue.com/contribute/entity/48661
49287,Ammar Campa-Najjar,CA,50,https://secure.actblue.com/contribute/entity/49287
27264,Juan Vargas,CA,51,https://secure.actblue.com/contribute/entity/27264
32161,Scott Peters,CA,52,https://secure.actblue.com/contribute/entity/32161
86941,Georgette Gomez,CA,53,https://secure.actblue.com/contribute/entity/86941
86707,Sara Jacobs,CA,53,https://secure.actblue.com/contribute/entity/86707
12698,Diana DeGette,CO,01,https://secure.actblue.com/contribute/entity/12698
51509,Joe Neguse,CO,02,https://secure.actblue.com/contribute/entity/51509
82591,Diane Mitsch Bush,CO,03,https://secure.actblue.com/contribute/entity/82591
79825,Isaac McCorkle,CO,04,https://secure.actblue.com/contribute/entity/79825
80999,Jillian Freeland,CO,05,https://secure.actblue.com/contribute/entity/80999
49588,Jason Crow,CO,06,https://secure.actblue.com/contribute/entity/49588
12701,Ed Perlmutter,CO,07,https://secure.actblue.com/contribute/entity/12701
12702,John Larson,CT,01,https://secure.actblue.com/contribute/entity/12702
12703,Joe Courtney,CT,02,https://secure.actblue.com/contribute/entity/12703
12704,Rosa DeLauro,CT,03,https://secure.actblue.com/contribute/entity/12704
17972,Jim Himes,CT,04,https://secure.actblue.com/contribute/entity/17972
63158,Jahana Hayes,CT,05,https://secure.actblue.com/contribute/entity/63158
26131,Eleanor Holmes Norton,DC,AL,https://secure.actblue.com/contribute/entity/26131
41453,Lisa Blunt Rochester,DE,AL,https://secure.actblue.com/contribute/entity/41453
80296,Phil Ehr,FL,01,https://secure.actblue.com/contribute/entity/80296
98811,Kristy Thripp,FL,02,https://secure.actblue.com/contribute/entity/98811
91654,Adam Christensen,FL,03,https://secure.actblue.com/contribute/entity/91654
88714,Donna Deegan,FL,04,https://secure.actblue.com/contribute/entity/88714
42659,Al Lawson,FL,05,https://secure.actblue.com/contribute/entity/42659
83758,Clint Curtis,FL,06,https://secure.actblue.com/contribute/entity/83758
45157,Stephanie Murphy,FL,07,https://secure.actblue.com/contribute/entity/45157
82897,Jim Kennedy,FL,08,https://secure.actblue.com/contribute/entity/82897
40342,Darren Soto,FL,09,https://secure.actblue.com/contribute/entity/40342
40755,Val Demings,FL,10,https://secure.actblue.com/contribute/entity/40755
62289,Dana Cottrell,FL,11,https://secure.actblue.com/contribute/entity/62289
41575,Kimberly Walker,FL,12,https://secure.actblue.com/contribute/entity/41575
41366,Charlie Crist,FL,13,https://secure.actblue.com/contribute/entity/41366
12708,Kathy Castor,FL,14,https://secure.actblue.com/contribute/entity/12708
86618,Alan Cohn,FL,15,https://secure.actblue.com/contribute/entity/86618
84744,Margaret Good,FL,16,https://secure.actblue.com/contribute/entity/84744
39502,Allen Ellison,FL,17,https://secure.actblue.com/contribute/entity/39502
96236,Pam Keith,FL,18,https://secure.actblue.com/contribute/entity/96236
86997,Cindy Banyai,FL,19,https://secure.actblue.com/contribute/entity/86997
12714,Alcee Hastings,FL,20,https://secure.actblue.com/contribute/entity/12714
27113,Lois Frankel,FL,21,https://secure.actblue.com/contribute/entity/27113
25934,Ted Deutch,FL,22,https://secure.actblue.com/contribute/entity/25934
12712,Debbie Wasserman Schultz,FL,23,https://secure.actblue.com/contribute/entity/12712
23324,Frederica Wilson,FL,24,https://secure.actblue.com/contribute/entity/23324
52717,Debbie Mucarsel-Powell,FL,26,https://secure.actblue.com/contribute/entity/52717
59709,Donna Shalala,FL,27,https://secure.actblue.com/contribute/entity/59709
95467,Joyce Griggs,GA,01,https://secure.actblue.com/contribute/entity/95467
12715,Sanford Bishop,GA,02,https://secure.actblue.com/contribute/entity/12715
95830,Valbrun Almonord,GA,03,https://secure.actblue.com/contribute/entity/95830
12716,Hank Johnson,GA,04,https://secure.actblue.com/contribute/entity/12716
92983,Barrington Martin,GA,05,https://secure.actblue.com/contribute/entity/92983
104295,Kwanza Hall,GA,05,https://secure.actblue.com/contribute/entity/104295
103320,Nikema Williams,GA,05,https://secure.actblue.com/contribute/entity/103320
104337,Robert Franklin,GA,05,https://secure.actblue.com/contribute/entity/104337
60214,Lucy McBath,GA,06,https://secure.actblue.com/contribute/entity/60214
51961,Carolyn Bourdeaux,GA,07,https://secure.actblue.com/contribute/entity/51961
101033,Lindsay Holliday,GA,08,https://secure.actblue.com/contribute/entity/101033
90643,Devin Pandy,GA,09,https://secure.actblue.com/contribute/entity/90643
90886,Tabitha Johnson-Green,GA,10,https://secure.actblue.com/contribute/entity/90886
87606,Dana Barrett,GA,11,https://secure.actblue.com/contribute/entity/87606
88077,Liz Johnson,GA,12,https://secure.actblue.com/contribute/entity/88077
12720,David Scott,GA,13,https://secure.actblue.com/contribute/entity/12720
91703,Kevin Van Ausdal,GA,14,https://secure.actblue.com/contribute/entity/91703
85701,Michael San Nicolas,GU,AL,https://secure.actblue.com/contribute/entity/85701
102913,Robert A. Underwood,GU,AL,https://secure.actblue.com/contribute/entity/102913
64199,Ed Case,HI,01,https://secure.actblue.com/contribute/entity/64199
76092,Kai Kahele,HI,02,https://secure.actblue.com/contribute/entity/76092
49484,Abby Finkenauer,IA,01,https://secure.actblue.com/contribute/entity/49484
82015,Rita Hart,IA,02,https://secure.actblue.com/contribute/entity/82015
51154,Cindy Axne,IA,03,https://secure.actblue.com/contribute/entity/51154
85472,J.D. Scholten,IA,04,https://secure.actblue.com/contribute/entity/85472
89314,Rudy Soto,ID,01,https://secure.actblue.com/contribute/entity/89314
63695,Aaron Swisher,ID,02,https://secure.actblue.com/contribute/entity/63695
12726,Bobby Rush,IL,01,https://secure.actblue.com/contribute/entity/12726
33266,Robin Kelly,IL,02,https://secure.actblue.com/contribute/entity/33266
49461,Marie Newman,IL,03,https://secure.actblue.com/contribute/entity/49461
56120,Chuy Garcia,IL,04,https://secure.actblue.com/contribute/entity/56120
21495,Mike Quigley,IL,05,https://secure.actblue.com/contribute/entity/21495
52051,Sean Casten,IL,06,https://secure.actblue.com/contribute/entity/52051
12731,Danny Davis,IL,07,https://secure.actblue.com/contribute/entity/12731
39535,Raja Krishnamoorthi,IL,08,https://secure.actblue.com/contribute/entity/39535
12733,Jan Schakowsky,IL,09,https://secure.actblue.com/contribute/entity/12733
39499,Brad Schneider,IL,10,https://secure.actblue.com/contribute/entity/39499
18068,Bill Foster,IL,11,https://secure.actblue.com/contribute/entity/18068
91133,Raymond Lenzi,IL,12,https://secure.actblue.com/contribute/entity/91133
52125,Betsy Dirksen Londrigan,IL,13,https://secure.actblue.com/contribute/entity/52125
52875,Lauren Underwood,IL,14,https://secure.actblue.com/contribute/entity/52875
90638,Erika Weaver,IL,15,https://secure.actblue.com/contribute/entity/90638
86769,Dani Brzozowski,IL,16,https://secure.actblue.com/contribute/entity/86769
27440,Cheri Bustos,IL,17,https://secure.actblue.com/contribute/entity/27440
89571,Frank Mrvan,IN,01,https://secure.actblue.com/contribute/entity/89571
55229,Pat Hackett,IN,02,https://secure.actblue.com/contribute/entity/55229
89265,Chip Coldiron,IN,03,https://secure.actblue.com/contribute/entity/89265
52711,Joseph Mackey,IN,04,https://secure.actblue.com/contribute/entity/52711
84027,Christina Hale,IN,05,https://secure.actblue.com/contribute/entity/84027
63467,Jeannine Lake,IN,06,https://secure.actblue.com/contribute/entity/63467
18745,Andre Carson,IN,07,https://secure.actblue.com/contribute/entity/18745
88469,Thomasina Marsili,IN,08,https://secure.actblue.com/contribute/entity/88469
92559,Andy Ruff,IN,09,https://secure.actblue.com/contribute/entity/92559
85131,Kali Barnett,KS,01,https://secure.actblue.com/contribute/entity/85131
91565,Michelle De La Isla,KS,02,https://secure.actblue.com/contribute/entity/91565
59308,Sharice Davids,KS,03,https://secure.actblue.com/contribute/entity/59308
47628,Laura Lombard,KS,04,https://secure.actblue.com/contribute/entity/47628
92779,James Rhodes,KY,01,https://secure.actblue.com/contribute/entity/92779
59422,Hank Linderman,KY,02,https://secure.actblue.com/contribute/entity/59422
12743,John Yarmuth,KY,03,https://secure.actblue.com/contribute/entity/12743
81651,Alexandra Owensby,KY,04,https://secure.actblue.com/contribute/entity/81651
94592,Matthew Best,KY,05,https://secure.actblue.com/contribute/entity/94592
84935,Josh Hicks,KY,06,https://secure.actblue.com/contribute/entity/84935
23171,Cedric Richmond,LA,02,https://secure.actblue.com/contribute/entity/23171
65936,Rob Anderson,LA,03,https://secure.actblue.com/contribute/entity/65936
101902,Kenny Houston,LA,04,https://secure.actblue.com/contribute/entity/101902
101591,Ryan Trundle,LA,04,https://secure.actblue.com/contribute/entity/101591
87358,Brody Pierrottie,LA,05,https://secure.actblue.com/contribute/entity/87358
79230,Candy Christophe,LA,05,https://secure.actblue.com/contribute/entity/79230
102025,Martin Lemelle,LA,05,https://secure.actblue.com/contribute/entity/102025
104933,Phillip Snowden,LA,05,https://secure.actblue.com/contribute/entity/104933
84383,Alex Morse,MA,01,https://secure.actblue.com/contribute/entity/84383
12748,Richard Neal,MA,01,https://secure.actblue.com/contribute/entity/12748
12749,James McGovern,MA,02,https://secure.actblue.com/contribute/entity/12749
54315,Lori Trahan,MA,03,https://secure.actblue.com/contribute/entity/54315
87370,Alan Khazei,MA,04,https://secure.actblue.com/contribute/entity/87370
87399,Becky Grossman,MA,04,https://secure.actblue.com/contribute/entity/87399
92223,Ben Sigel,MA,04,https://secure.actblue.com/contribute/entity/92223
96596,Christopher Zannetos,MA,04,https://secure.actblue.com/contribute/entity/96596
88002,Dave Cavell,MA,04,https://secure.actblue.com/contribute/entity/88002
92652,Herb Robinson,MA,04,https://secure.actblue.com/contribute/entity/92652
82398,Ihssane Leckey,MA,04,https://secure.actblue.com/contribute/entity/82398
87776,Jake Auchincloss (MA 04),MA,04,https://secure.actblue.com/contribute/entity/87776
86461,Jesse Mermell,MA,04,https://secure.actblue.com/contribute/entity/86461
99364,Natalia Linos,MA,04,https://secure.actblue.com/contribute/entity/99364
95847,Nick Matthew,MA,04,https://secure.actblue.com/contribute/entity/95847
94616,Tom Shack III,MA,04,https://secure.actblue.com/contribute/entity/94616
33552,Katherine Clark,MA,05,https://secure.actblue.com/contribute/entity/33552
88380,Angus McQuilken,MA,06,https://secure.actblue.com/contribute/entity/88380
81256,Jamie Zahlaway Belsito,MA,06,https://secure.actblue.com/contribute/entity/81256
34714,Seth Moulton,MA,06,https://secure.actblue.com/contribute/entity/34714
58361,Ayanna Pressley,MA,07,https://secure.actblue.com/contribute/entity/58361
89223,Robbie Goldstein,MA,08,https://secure.actblue.com/contribute/entity/89223
12755,Stephen Lynch,MA,08,https://secure.actblue.com/contribute/entity/12755
24487,Bill Keating,MA,09,https://secure.actblue.com/contribute/entity/24487
86022,Mia Mason,MD,01,https://secure.actblue.com/contribute/entity/86022
12757,C.A. Dutch Ruppersberger,MD,02,https://secure.actblue.com/contribute/entity/12757
12758,John Sarbanes,MD,03,https://secure.actblue.com/contribute/entity/12758
39407,Anthony Brown,MD,04,https://secure.actblue.com/contribute/entity/39407
12760,Steny Hoyer,MD,05,https://secure.actblue.com/contribute/entity/12760
53925,David Trone,MD,06,https://secure.actblue.com/contribute/entity/53925
94011,Kweisi Mfume,MD,07,https://secure.actblue.com/contribute/entity/94011
39609,Jamie Raskin,MD,08,https://secure.actblue.com/contribute/entity/39609
17915,Chellie Pingree,ME,01,https://secure.actblue.com/contribute/entity/17915
53391,Jared Golden,ME,02,https://secure.actblue.com/contribute/entity/53391
83708,Dana Ferguson,MI,01,https://secure.actblue.com/contribute/entity/83708
84911,Bryan Berghoef,MI,02,https://secure.actblue.com/contribute/entity/84911
83805,Hillary Scholten,MI,03,https://secure.actblue.com/contribute/entity/83805
58508,Jerry Hilliard,MI,04,https://secure.actblue.com/contribute/entity/58508
27733,Dan Kildee,MI,05,https://secure.actblue.com/contribute/entity/27733
81052,Jon Hoadley,MI,06,https://secure.actblue.com/contribute/entity/81052
90082,Gretchen Driskell,MI,07,https://secure.actblue.com/contribute/entity/90082
52171,Elissa Slotkin,MI,08,https://secure.actblue.com/contribute/entity/52171
56301,Andy Levin,MI,09,https://secure.actblue.com/contribute/entity/56301
57752,Kimberly Bizon,MI,10,https://secure.actblue.com/contribute/entity/57752
50031,Haley Stevens,MI,11,https://secure.actblue.com/contribute/entity/50031
36436,Debbie Dingell,MI,12,https://secure.actblue.com/contribute/entity/36436
58823,Rashida Tlaib,MI,13,https://secure.actblue.com/contribute/entity/58823
35635,Brenda Lawrence,MI,14,https://secure.actblue.com/contribute/entity/35635
51997,Dan Feehan,MN,01,https://secure.actblue.com/contribute/entity/51997
52509,Angie Craig,MN,02,https://secure.actblue.com/contribute/entity/52509
50592,Dean Phillips,MN,03,https://secure.actblue.com/contribute/entity/50592
12772,Betty McCollum,MN,04,https://secure.actblue.com/contribute/entity/12772
64293,Ilhan Omar,MN,05,https://secure.actblue.com/contribute/entity/64293
87613,Tawnja Zahradka,MN,06,https://secure.actblue.com/contribute/entity/87613
12774,Collin Peterson,MN,07,https://secure.actblue.com/contribute/entity/12774
87564,Quinn Nystrom,MN,08,https://secure.actblue.com/contribute/entity/87564
49905,Cori Bush,MO,01,https://secure.actblue.com/contribute/entity/49905
89785,Jill Schupp,MO,02,https://secure.actblue.com/contribute/entity/89785
87498,Lindsey Simmons,MO,04,https://secure.actblue.com/contribute/entity/87498
12779,Emanuel Cleaver,MO,05,https://secure.actblue.com/contribute/entity/12779
93369,Gena Ross for Congress,MO,06,https://secure.actblue.com/contribute/entity/93369
96902,Teresa Montseny,MO,07,https://secure.actblue.com/contribute/entity/96902
82163,Kathy Ellis,MO,08,https://secure.actblue.com/contribute/entity/82163
24375,Kilili Sablan,MP,AL,https://secure.actblue.com/contribute/entity/24375
89464,Antonia Eliason,MS,01,https://secure.actblue.com/contribute/entity/89464
12780,Bennie Thompson,MS,02,https://secure.actblue.com/contribute/entity/12780
96458,Dorothy Benford,MS,03,https://secure.actblue.com/contribute/entity/96458
80906,Kathleen Williams,MT,AL,https://secure.actblue.com/contribute/entity/80906
12782,G.K. Butterfield,NC,01,https://secure.actblue.com/contribute/entity/12782
89860,Deborah Ross,NC,02,https://secure.actblue.com/contribute/entity/89860
96082,Daryl Farrow,NC,03,https://secure.actblue.com/contribute/entity/96082
12784,David Price,NC,04,https://secure.actblue.com/contribute/entity/12784
51862,David Wilson Brown,NC,05,https://secure.actblue.com/contribute/entity/51862
55995,Kathy Manning,NC,06,https://secure.actblue.com/contribute/entity/55995
95695,Chris Ward,NC,07,https://secure.actblue.com/contribute/entity/95695
91726,Patricia Timmons-Goodson,NC,08,https://secure.actblue.com/contribute/entity/91726
41315,Christian Cano,NC,09,https://secure.actblue.com/contribute/entity/41315
90954,Cynthia Wallace,NC,09,https://secure.actblue.com/contribute/entity/90954
92786,David Parker,NC,10,https://secure.actblue.com/contribute/entity/92786
89427,"Morris ""Moe"" Davis",NC,11,https://secure.actblue.com/contribute/entity/89427
34528,Alma Adams,NC,12,https://secure.actblue.com/contribute/entity/34528
79275,Scott Huffman,NC,13,https://secure.actblue.com/contribute/entity/79275
93274,Zach Raknerud,ND,AL,https://secure.actblue.com/contribute/entity/93274
87200,Kate Bolz,NE,01,https://secure.actblue.com/contribute/entity/87200
51116,Kara Eastman,NE,02,https://secure.actblue.com/contribute/entity/51116
96619,Mark Elworth,NE,03,https://secure.actblue.com/contribute/entity/96619
55526,Chris Pappas,NH,01,https://secure.actblue.com/contribute/entity/55526
22508,Annie Kuster,NH,02,https://secure.actblue.com/contribute/entity/22508
36984,Donald Norcross,NJ,01,https://secure.actblue.com/contribute/entity/36984
91742,Amy Kennedy,NJ,02,https://secure.actblue.com/contribute/entity/91742
51703,Andy Kim,NJ,03,https://secure.actblue.com/contribute/entity/51703
86140,Stephanie Schmid,NJ,04,https://secure.actblue.com/contribute/entity/86140
39227,Josh Gottheimer,NJ,05,https://secure.actblue.com/contribute/entity/39227
12793,"Frank Pallone, Jr",NJ,06,https://secure.actblue.com/contribute/entity/12793
54274,Tom Malinowski,NJ,07,https://secure.actblue.com/contribute/entity/54274
12798,Albio Sires,NJ,08,https://secure.actblue.com/contribute/entity/12798
12794,Bill Pascrell,NJ,09,https://secure.actblue.com/contribute/entity/12794
29840,Donald Payne Jr,NJ,10,https://secure.actblue.com/contribute/entity/29840
50715,Mikie Sherrill,NJ,11,https://secure.actblue.com/contribute/entity/50715
36481,Bonnie Watson Coleman,NJ,12,https://secure.actblue.com/contribute/entity/36481
50216,Deb Haaland,NM,01,https://secure.actblue.com/contribute/entity/50216
57253,Xochitl Torres Small,NM,02,https://secure.actblue.com/contribute/entity/57253
81890,Teresa Leger Fernandez,NM,03,https://secure.actblue.com/contribute/entity/81890
27569,Dina Titus,NV,01,https://secure.actblue.com/contribute/entity/27569
88468,Patricia Ackerman,NV,02,https://secure.actblue.com/contribute/entity/88468
53666,Susie Lee,NV,03,https://secure.actblue.com/contribute/entity/53666
58027,Steven Horsford,NV,04,https://secure.actblue.com/contribute/entity/58027
84181,Nancy Goroff,NY,01,https://secure.actblue.com/contribute/entity/84181
82326,Jackie Gordon,NY,02,https://secure.actblue.com/contribute/entity/82326
44566,Tom Suozzi,NY,03,https://secure.actblue.com/contribute/entity/44566
36101,Kathleen Rice,NY,04,https://secure.actblue.com/contribute/entity/36101
12805,Gregory Meeks,NY,05,https://secure.actblue.com/contribute/entity/12805
29440,Grace Meng,NY,06,https://secure.actblue.com/contribute/entity/29440
12811,Nydia Velazquez,NY,07,https://secure.actblue.com/contribute/entity/12811
28064,Hakeem Jeffries,NY,08,https://secure.actblue.com/contribute/entity/28064
12810,Yvette Clarke,NY,09,https://secure.actblue.com/contribute/entity/12810
12807,Jerry Nadler,NY,10,https://secure.actblue.com/contribute/entity/12807
52817,Max Rose,NY,11,https://secure.actblue.com/contribute/entity/52817
12812,Carolyn Maloney,NY,12,https://secure.actblue.com/contribute/entity/12812
81403,Adriano Espaillat,NY,13,https://secure.actblue.com/contribute/entity/81403
50295,Alexandria Ocasio-Cortez,NY,14,https://secure.actblue.com/contribute/entity/50295
81994,Chivona Renee Newsome,NY,15,https://secure.actblue.com/contribute/entity/81994
82793,Frangell Basora,NY,15,https://secure.actblue.com/contribute/entity/82793
91425,Julio Pabón,NY,15,https://secure.actblue.com/contribute/entity/91425
96289,Marlene Tapper,NY,15,https://secure.actblue.com/contribute/entity/96289
85475,Melissa Mark-Viverito,NY,15,https://secure.actblue.com/contribute/entity/85475
81508,Michael Blake,NY,15,https://secure.actblue.com/contribute/entity/81508
80404,Ritchie Torres,NY,15,https://secure.actblue.com/contribute/entity/80404
81355,"Ruben Diaz, Sr.",NY,15,https://secure.actblue.com/contribute/entity/81355
87322,Ydanis Rodriguez,NY,15,https://secure.actblue.com/contribute/entity/87322
82251,Jamaal Bowman,NY,16,https://secure.actblue.com/contribute/entity/82251
84300,Mondaire Jones,NY,17,https://secure.actblue.com/contribute/entity/84300
28903,Sean Patrick Maloney,NY,18,https://secure.actblue.com/contribute/entity/28903
48297,Antonio Delgado,NY,19,https://secure.actblue.com/contribute/entity/48297
20504,Paul Tonko,NY,20,https://secure.actblue.com/contribute/entity/20504
51890,Tedra Cobb,NY,21,https://secure.actblue.com/contribute/entity/51890
51809,Anthony Brindisi,NY,22,https://secure.actblue.com/contribute/entity/51809
53352,Tracy Mitrano,NY,23,https://secure.actblue.com/contribute/entity/53352
81291,Dana Balter,NY,24,https://secure.actblue.com/contribute/entity/81291
61253,Joe Morelle,NY,25,https://secure.actblue.com/contribute/entity/61253
12822,Brian Higgins,NY,26,https://secure.actblue.com/contribute/entity/12822
57938,Nate McMurray,NY,27,https://secure.actblue.com/contribute/entity/57938
83913,Kate Schroder,OH,01,https://secure.actblue.com/contribute/entity/83913
89864,Jaime Castle,OH,02,https://secure.actblue.com/contribute/entity/89864
28367,Joyce Beatty,OH,03,https://secure.actblue.com/contribute/entity/28367
84452,Shannon Freshour,OH,04,https://secure.actblue.com/contribute/entity/84452
82113,Nick Rubando,OH,05,https://secure.actblue.com/contribute/entity/82113
59429,Shawna Roberts,OH,06,https://secure.actblue.com/contribute/entity/59429
93795,Quentin Potter,OH,07,https://secure.actblue.com/contribute/entity/93795
58427,Vanessa Enoch,OH,08,https://secure.actblue.com/contribute/entity/58427
12825,Marcy Kaptur,OH,09,https://secure.actblue.com/contribute/entity/12825
85375,Desiree Tims,OH,10,https://secure.actblue.com/contribute/entity/85375
21225,Marcia Fudge,OH,11,https://secure.actblue.com/contribute/entity/21225
87751,Alaina Shearer,OH,12,https://secure.actblue.com/contribute/entity/87751
12829,Tim Ryan,OH,13,https://secure.actblue.com/contribute/entity/12829
87706,Hillary O'Connor Mueri,OH,14,https://secure.actblue.com/contribute/entity/87706
89024,Joel Newby,OH,15,https://secure.actblue.com/contribute/entity/89024
86090,Aaron Godfrey,OH,16,https://secure.actblue.com/contribute/entity/86090
88461,Kojo Asamoa-Caesar,OK,01,https://secure.actblue.com/contribute/entity/88461
87148,Danyell Lanier,OK,02,https://secure.actblue.com/contribute/entity/87148
100089,Zoe Midyett,OK,03,https://secure.actblue.com/contribute/entity/100089
62634,Mary M Brannon,OK,04,https://secure.actblue.com/contribute/entity/62634
51908,Kendra Horn,OK,05,https://secure.actblue.com/contribute/entity/51908
27572,Suzanne Bonamici,OR,01,https://secure.actblue.com/contribute/entity/27572
96199,Alex Spenser,OR,02,https://secure.actblue.com/contribute/entity/96199
12833,Earl Blumenauer,OR,03,https://secure.actblue.com/contribute/entity/12833
12834,Peter DeFazio,OR,04,https://secure.actblue.com/contribute/entity/12834
19012,Kurt Schrader,OR,05,https://secure.actblue.com/contribute/entity/19012
84910,Christina Finello,PA,01,https://secure.actblue.com/contribute/entity/84910
34024,Brendan Boyle,PA,02,https://secure.actblue.com/contribute/entity/34024
41543,Dwight Evans,PA,03,https://secure.actblue.com/contribute/entity/41543
59739,Madeleine Dean,PA,04,https://secure.actblue.com/contribute/entity/59739
59086,Mary Gay Scanlon,PA,05,https://secure.actblue.com/contribute/entity/59086
49672,Chrissy Houlahan,PA,06,https://secure.actblue.com/contribute/entity/49672
54683,Susan Wild,PA,07,https://secure.actblue.com/contribute/entity/54683
28757,Matt Cartwright,PA,08,https://secure.actblue.com/contribute/entity/28757
53974,Gary Wegman,PA,09,https://secure.actblue.com/contribute/entity/53974
83043,Eugene DePasquale,PA,10,https://secure.actblue.com/contribute/entity/83043
88286,Sarah Hammond,PA,11,https://secure.actblue.com/contribute/entity/88286
98473,Lee Griffin,PA,12,https://secure.actblue.com/contribute/entity/98473
88146,Todd Rowley,PA,13,https://secure.actblue.com/contribute/entity/88146
93168,Bill Marx,PA,14,https://secure.actblue.com/contribute/entity/93168
101342,Robert Williams,PA,15,
87847,Kristy Gnibus,PA,16,https://secure.actblue.com/contribute/entity/87847
54851,Conor Lamb,PA,17,https://secure.actblue.com/contribute/entity/54851
12845,Mike Doyle,PA,18,https://secure.actblue.com/contribute/entity/12845
99391,Anibal Acevedo-Vila,PR,AL,https://secure.actblue.com/contribute/entity/99391
29930,David Cicilline,RI,01,https://secure.actblue.com/contribute/entity/29930
101109,Dylan Conley,RI,02,https://secure.actblue.com/contribute/entity/101109
12848,Jim Langevin,RI,02,https://secure.actblue.com/contribute/entity/12848
52181,Joe Cunningham,SC,01,https://secure.actblue.com/contribute/entity/52181
80792,Adair Boroughs,SC,02,https://secure.actblue.com/contribute/entity/80792
44448,Hosea Cleveland,SC,03,https://secure.actblue.com/contribute/entity/44448
84188,Kim Nelson,SC,04,https://secure.actblue.com/contribute/entity/84188
93112,Moe Brown,SC,05,https://secure.actblue.com/contribute/entity/93112
12850,Jim Clyburn,SC,06,https://secure.actblue.com/contribute/entity/12850
91408,Melissa Watson,SC,07,https://secure.actblue.com/contribute/entity/91408
95287,Blair Walsingham,TN,01,https://secure.actblue.com/contribute/entity/95287
82712,Renee Hoyos,TN,02,https://secure.actblue.com/contribute/entity/82712
99866,Meg Gorman,TN,03,https://secure.actblue.com/contribute/entity/99866
63218,Christopher Hale,TN,04,https://secure.actblue.com/contribute/entity/63218
12853,Jim Cooper,TN,05,https://secure.actblue.com/contribute/entity/12853
104236,Christopher Finley,TN,06,
104269,Christopher Finley,TN,06,https://secure.actblue.com/contribute/entity/104269
94629,Kiran Sreepada,TN,07,https://secure.actblue.com/contribute/entity/94629
66572,Erika Stotts Pearson,TN,08,https://secure.actblue.com/contribute/entity/66572
12856,Steve Cohen,TN,09,https://secure.actblue.com/contribute/entity/12856
86653,Hank Gilbert,TX,01,https://secure.actblue.com/contribute/entity/86653
90481,Sima Ladjevardian,TX,02,https://secure.actblue.com/contribute/entity/90481
87702,Lulu Seikaly,TX,03,https://secure.actblue.com/contribute/entity/87702
88092,Russell Foster,TX,04,https://secure.actblue.com/contribute/entity/88092
93378,Carolyn Salter,TX,05,https://secure.actblue.com/contribute/entity/93378
81483,Stephen Daniel,TX,06,https://secure.actblue.com/contribute/entity/81483
50220,Lizzie Fletcher,TX,07,https://secure.actblue.com/contribute/entity/50220
91154,Elizabeth Hernandez,TX,08,https://secure.actblue.com/contribute/entity/91154
12857,Al Green,TX,09,https://secure.actblue.com/contribute/entity/12857
56019,Mike Siegel,TX,10,https://secure.actblue.com/contribute/entity/56019
88193,Jon Mark Hogg,TX,11,https://secure.actblue.com/contribute/entity/88193
86942,Lisa Welch,TX,12,https://secure.actblue.com/contribute/entity/86942
89531,Gus Trujillo,TX,13,https://secure.actblue.com/contribute/entity/89531
80616,Adrienne Bell,TX,14,https://secure.actblue.com/contribute/entity/80616
41816,Vicente Gonzalez,TX,15,https://secure.actblue.com/contribute/entity/41816
53258,Veronica Escobar,TX,16,https://secure.actblue.com/contribute/entity/53258
53840,Rick Kennedy,TX,17,https://secure.actblue.com/contribute/entity/53840
12861,Sheila Jackson Lee,TX,18,https://secure.actblue.com/contribute/entity/12861
91573,Tom Watson,TX,19,https://secure.actblue.com/contribute/entity/91573
27328,Joaquin Castro,TX,20,https://secure.actblue.com/contribute/entity/27328
84472,Wendy Davis,TX,21,https://secure.actblue.com/contribute/entity/84472
56710,Sri Kulkarni,TX,22,https://secure.actblue.com/contribute/entity/56710
52708,Gina Ortiz Jones,TX,23,https://secure.actblue.com/contribute/entity/52708
80771,Candace Valenzuela,TX,24,https://secure.actblue.com/contribute/entity/80771
80967,Julie Oliver,TX,25,https://secure.actblue.com/contribute/entity/80967
78478,Carol H Iannuzzi,TX,26,https://secure.actblue.com/contribute/entity/78478
95999,Ricardo De La Fuente,TX,27,https://secure.actblue.com/contribute/entity/95999
12867,Henry Cuellar,TX,28,https://secure.actblue.com/contribute/entity/12867
55747,Sylvia Garcia,TX,29,https://secure.actblue.com/contribute/entity/55747
12869,Eddie Bernice Johnson,TX,30,https://secure.actblue.com/contribute/entity/12869
83833,Donna Imam,TX,31,https://secure.actblue.com/contribute/entity/83833
49371,Colin Allred,TX,32,https://secure.actblue.com/contribute/entity/49371
30124,Marc Veasey,TX,33,https://secure.actblue.com/contribute/entity/30124
31549,Filemon Vela,TX,34,https://secure.actblue.com/contribute/entity/31549
12865,Lloyd Doggett,TX,35,https://secure.actblue.com/contribute/entity/12865
92040,Rashad Lewis,TX,36,https://secure.actblue.com/contribute/entity/92040
93982,Darren Parry,UT,01,https://secure.actblue.com/contribute/entity/93982
94545,Kael Weston,UT,02,https://secure.actblue.com/contribute/entity/94545
97703,Devin Thorpe,UT,03,https://secure.actblue.com/contribute/entity/97703
55048,Ben McAdams,UT,04,https://secure.actblue.com/contribute/entity/55048
92558,Qasim Rashid,VA,01,https://secure.actblue.com/contribute/entity/92558
56829,Elaine Luria,VA,02,https://secure.actblue.com/contribute/entity/56829
12871,Bobby Scott,VA,03,https://secure.actblue.com/contribute/entity/12871
43178,Donald McEachin,VA,04,https://secure.actblue.com/contribute/entity/43178
85224,Cameron Webb,VA,05,https://secure.actblue.com/contribute/entity/85224
96173,Nicholas Betts,VA,06,https://secure.actblue.com/contribute/entity/96173
51991,Abigail Spanberger,VA,07,https://secure.actblue.com/contribute/entity/51991
36395,Don Beyer,VA,08,https://secure.actblue.com/contribute/entity/36395
49784,Jennifer Wexton,VA,10,https://secure.actblue.com/contribute/entity/49784
19055,Gerry Connolly,VA,11,https://secure.actblue.com/contribute/entity/19055
43963,Stacey Plaskett,VI,AL,https://secure.actblue.com/contribute/entity/43963
12874,Peter Welch,VT,AL,https://secure.actblue.com/contribute/entity/12874
28909,Suzan DelBene,WA,01,https://secure.actblue.com/contribute/entity/28909
84939,Jason Call,WA,02,https://secure.actblue.com/contribute/entity/84939
12876,Rick Larsen,WA,02,https://secure.actblue.com/contribute/entity/12876
84110,Carolyn Long,WA,03,https://secure.actblue.com/contribute/entity/84110
97961,Douglas McKinley,WA,04,https://secure.actblue.com/contribute/entity/97961
100800,Dave Wilson,WA,05,https://secure.actblue.com/contribute/entity/100800
29211,Derek Kilmer,WA,06,https://secure.actblue.com/contribute/entity/29211
42255,Pramila Jayapal,WA,07,https://secure.actblue.com/contribute/entity/42255
52704,Kim Schrier,WA,08,https://secure.actblue.com/contribute/entity/52704
12880,Adam Smith,WA,09,https://secure.actblue.com/contribute/entity/12880
92840,Beth Doglio,WA,10,https://secure.actblue.com/contribute/entity/92840
90677,Marilyn Strickland,WA,10,https://secure.actblue.com/contribute/entity/90677
92127,Roger Polack,WI,01,https://secure.actblue.com/contribute/entity/92127
27823,Mark Pocan,WI,02,https://secure.actblue.com/contribute/entity/27823
12882,Ron Kind,WI,03,https://secure.actblue.com/contribute/entity/12882
12883,Gwen Moore,WI,04,https://secure.actblue.com/contribute/entity/12883
53499,Tom Palzewicz,WI,05,https://secure.actblue.com/contribute/entity/53499
87778,Jessica King,WI,06,https://secure.actblue.com/contribute/entity/87778
101934,Tricia Zunker,WI,07,https://secure.actblue.com/contribute/entity/101934
83811,Alan Gross,AK,Sen,https://secure.actblue.com/contribute/entity/83811
50702,Doug Jones,AL,Sen,https://secure.actblue.com/contribute/entity/50702
77516,Mark Kelly,AZ,Sen,https://secure.actblue.com/contribute/entity/77516
85998,John Hickenlooper,CO,Sen,https://secure.actblue.com/contribute/entity/85998
23738,Chris Coons,DE,Sen,https://secure.actblue.com/contribute/entity/23738
88870,Jess Scarane,DE,Sen,https://secure.actblue.com/contribute/entity/88870
86354,Jon Ossoff,GA,Sen,https://secure.actblue.com/contribute/entity/86354
82515,Theresa Greenfield,IA,Sen,https://secure.actblue.com/contribute/entity/82515
94104,Paulette Jordan,ID,Sen,https://secure.actblue.com/contribute/entity/94104
325,Dick Durbin,IL,Sen,https://secure.actblue.com/contribute/entity/325
87842,Barbara Bollier,KS,Sen,https://secure.actblue.com/contribute/entity/87842
83930,Amy McGrath,KY,Sen,https://secure.actblue.com/contribute/entity/83930
102988,Adrian Perkins,LA,Sen,https://secure.actblue.com/contribute/entity/102988
83811,Alan Gross,AK,Sen,https://secure.actblue.com/contribute/entity/83811
50702,Doug Jones,AL,Sen,https://secure.actblue.com/contribute/entity/50702
77516,Mark Kelly,AZ,Sen,https://secure.actblue.com/contribute/entity/77516
85998,John Hickenlooper,CO,Sen,https://secure.actblue.com/contribute/entity/85998
23738,Chris Coons,DE,Sen,https://secure.actblue.com/contribute/entity/23738
88870,Jess Scarane,DE,Sen,https://secure.actblue.com/contribute/entity/88870
86354,Jon Ossoff,GA,Sen,https://secure.actblue.com/contribute/entity/86354
82515,Theresa Greenfield,IA,Sen,https://secure.actblue.com/contribute/entity/82515
94104,Paulette Jordan,ID,Sen,https://secure.actblue.com/contribute/entity/94104
325,Dick Durbin,IL,Sen,https://secure.actblue.com/contribute/entity/325
87842,Barbara Bollier,KS,Sen,https://secure.actblue.com/contribute/entity/87842
83930,Amy McGrath,KY,Sen,https://secure.actblue.com/contribute/entity/83930
102988,Adrian Perkins,LA,Sen,https://secure.actblue.com/contribute/entity/102988
80870,Antoine Pierce,LA,Sen,https://secure.actblue.com/contribute/entity/80870
96572,Dartanyon A. Williams,LA,Sen,https://secure.actblue.com/contribute/entity/96572
102826,Derrick Edwards,LA,Sen,https://secure.actblue.com/contribute/entity/102826
92750,Drew Knight,LA,Sen,https://secure.actblue.com/contribute/entity/92750
100216,Peter Wenstrup,LA,Sen,https://secure.actblue.com/contribute/entity/100216
33342,Ed Markey,MA,Sen,https://secure.actblue.com/contribute/entity/33342
86303,Joe Kennedy III,MA,Sen,https://secure.actblue.com/contribute/entity/86303
83632,Sara Gideon,ME,Sen,https://secure.actblue.com/contribute/entity/83632
34101,Gary Peters,MI,Sen,https://secure.actblue.com/contribute/entity/34101
56662,Tina Smith,MN,Sen,https://secure.actblue.com/contribute/entity/56662
61081,Mike Espy,MS,Sen,https://secure.actblue.com/contribute/entity/61081
95724,Steve Bullock,MT,Sen,https://secure.actblue.com/contribute/entity/95724
83460,Cal Cunningham,NC,Sen,https://secure.actblue.com/contribute/entity/83460
18422,Jeanne Shaheen,NH,Sen,https://secure.actblue.com/contribute/entity/18422
92548,Cory Booker,NJ,Sen,https://secure.actblue.com/contribute/entity/92548
80890,Ben Ray Luján,NM,Sen,https://secure.actblue.com/contribute/entity/80890
56454,Bethany Hall-Long,DE,Lt Gov,https://secure.actblue.com/contribute/entity/56454
100155,Linda Lawson,IN,Lt Gov,https://secure.actblue.com/contribute/entity/100155
97265,Alissia Canady,MO,Lt Gov,https://secure.actblue.com/contribute/entity/97265
77033,Yvonne Holley,NC,Lt Gov,https://secure.actblue.com/contribute/entity/77033
81970,Kathy Hochul,NY,Lt Gov,https://secure.actblue.com/contribute/entity/81970
92464,Molly Gray,VT,Lt Gov,https://secure.actblue.com/contribute/entity/92464
97187,Marko Liias,WA,Lt Gov,https://secure.actblue.com/contribute/entity/97187
90325,Jonathan Weinzapfel,IN,Atty Gen,https://secure.actblue.com/contribute/entity/90325
39427,Thomas Quinn,MA,DA,https://secure.actblue.com/contribute/entity/39427
56454,Bethany Hall-Long,DE,Lt Gov,https://secure.actblue.com/contribute/entity/56454
100155,Linda Lawson,IN,Lt Gov,https://secure.actblue.com/contribute/entity/100155
97265,Alissia Canady,MO,Lt Gov,https://secure.actblue.com/contribute/entity/97265
77033,Yvonne Holley,NC,Lt Gov,https://secure.actblue.com/contribute/entity/77033
81970,Kathy Hochul,NY,Lt Gov,https://secure.actblue.com/contribute/entity/81970
92464,Molly Gray,VT,Lt Gov,https://secure.actblue.com/contribute/entity/92464
97187,Marko Liias,WA,Lt Gov,https://secure.actblue.com/contribute/entity/97187
90325,Jonathan Weinzapfel,IN,Atty Gen,https://secure.actblue.com/contribute/entity/90325
39427,Thomas Quinn,MA,DA,https://secure.actblue.com/contribute/entity/39427
88165,Rich Finneran,MO,Atty Gen,https://secure.actblue.com/contribute/entity/88165
81131,Raph Graybill,MT,Atty Gen,https://secure.actblue.com/contribute/entity/81131
41050,Josh Stein,NC,Atty Gen,https://secure.actblue.com/contribute/entity/41050
28585,Ellen Rosenblum,OR,Atty Gen,https://secure.actblue.com/contribute/entity/28585
42107,Josh Shapiro,PA,Atty Gen,https://secure.actblue.com/contribute/entity/42107
40596,TJ Donovan,VT,Atty Gen,https://secure.actblue.com/contribute/entity/40596
44453,Bob Ferguson,WA,Atty Gen,https://secure.actblue.com/contribute/entity/44453
84125,Sam Petsonk,WV,Atty Gen,https://secure.actblue.com/contribute/entity/84125
87460,Yinka Faleti,MO,Sec State,https://secure.actblue.com/contribute/entity/87460
82727,Bryce Bennett,MT,Sec State,https://secure.actblue.com/contribute/entity/82727
47633,Elaine Marshall,NC,Sec State,https://secure.actblue.com/contribute/entity/47633
85614,Jamie McLeod-Skinner,OR,Sec State,https://secure.actblue.com/contribute/entity/85614
86239,Mark Hass,OR,Sec State,https://secure.actblue.com/contribute/entity/86239
98472,Shemia Fagan,OR,Sec State,https://secure.actblue.com/contribute/entity/98472
40358,Jim Condos,VT,Sec State,https://secure.actblue.com/contribute/entity/40358
90484,Gael Tarleton,WA,Sec State,https://secure.actblue.com/contribute/entity/90484
40982,Natalie Tennant,WV,Sec State,https://secure.actblue.com/contribute/entity/40982
86974,Vicki Lorenz Englund,MO,Treas,https://secure.actblue.com/contribute/entity/86974
81163,Ronnie Chatterji,NC,Treas,https://secure.actblue.com/contribute/entity/81163
40294,Tobias Read,OR,Treas,https://secure.actblue.com/contribute/entity/40294
42434,Joe Torsella,PA,Treas,https://secure.actblue.com/contribute/entity/42434
32940,Beth Pearce,VT,Treas,https://secure.actblue.com/contribute/entity/32940
97266,Mike Pellicciotti,WA,Treas,https://secure.actblue.com/contribute/entity/97266
94141,John Perdue,WV,Treas,https://secure.actblue.com/contribute/entity/94141
83955,Shane Morigeau,MT,Auditor,https://secure.actblue.com/contribute/entity/83955
52570,Beth Wood,NC,Auditor,https://secure.actblue.com/contribute/entity/52570
93897,Patrick Hart,ND,Auditor,https://secure.actblue.com/contribute/entity/93897
103782,Nina Ahmad,PA,Auditor,https://secure.actblue.com/contribute/entity/103782
31913,Doug Hoffer,VT,Auditor,https://secure.actblue.com/contribute/entity/31913
44451,Mary Ann Claytor,WV,Auditor,https://secure.actblue.com/contribute/entity/44451
80612,Jenna Wadsworth,NC,Ag Comm,https://secure.actblue.com/contribute/entity/80612
82812,Bob Beach,WV,Ag Comm,https://secure.actblue.com/contribute/entity/82812
80926,Shea Stanfield,AZ,Corp Comm,https://secure.actblue.com/contribute/entity/80926
98864,Ricardo Carlos Caballero,NM,01,https://secure.actblue.com/contribute/entity/98864
82077,Kayode Abegunde,DE,Ins Comm,https://secure.actblue.com/contribute/entity/82077
93560,Trinidad Navarro,DE,Ins Comm,https://secure.actblue.com/contribute/entity/93560
41375,Wayne Goodwin,NC,Ins Comm,https://secure.actblue.com/contribute/entity/41375
81414,Hilary Franz,WA,Land Comm,https://secure.actblue.com/contribute/entity/81414
81756,Cynthia Hall,NM,Reg Comm,https://secure.actblue.com/contribute/entity/81756
102002,Remi Bald Eagle,SD,PUC Comm,https://secure.actblue.com/contribute/entity/102002
88088,Chrysta Castaneda,TX,RR Comm,https://secure.actblue.com/contribute/entity/88088
39132,Melissa Romano,MT,Super,https://secure.actblue.com/contribute/entity/39132
82109,Chris Reykdal,WA,Super,https://secure.actblue.com/contribute/entity/82109
103577,Tom Holmes,AL,SBE,https://secure.actblue.com/contribute/entity/103577
86316,Lisa Escárcega,CO,SBE,https://secure.actblue.com/contribute/entity/86316
95855,Mayling Simpson,CO,SBE,https://secure.actblue.com/contribute/entity/95855
80063,Georgina Cecilia Perez,TX,SBE,https://secure.actblue.com/contribute/entity/80063
80019,Michelle Palmer,TX,SBE,https://secure.actblue.com/contribute/entity/80019
95865,Brenda Davis,TX,SBE,https://secure.actblue.com/contribute/entity/95865
84514,John Carney,DE,Gov,https://secure.actblue.com/contribute/entity/84514
84213,Woody Myers,IN,Gov,https://secure.actblue.com/contribute/entity/84213
85788,Nicole Galloway,MO,Gov,https://secure.actblue.com/contribute/entity/85788
83681,Mike Cooney,MT,Gov,https://secure.actblue.com/contribute/entity/83681
41279,Roy Cooper,NC,Gov,https://secure.actblue.com/contribute/entity/41279
92849,Shelley Lenz,ND,Gov,https://secure.actblue.com/contribute/entity/92849
88706,Andru Volinsky,NH,Gov,https://secure.actblue.com/contribute/entity/88706
86564,Dan Feltes,NH,Gov,https://secure.actblue.com/contribute/entity/86564
95347,Chris Peterson,UT,Gov,https://secure.actblue.com/contribute/entity/95347
92330,David Zuckerman,VT,Gov,https://secure.actblue.com/contribute/entity/92330
39743,Jay Inslee,WA,Gov,https://secure.actblue.com/contribute/entity/39743
88008,Ben Salango,WV,Gov,https://secure.actblue.com/contribute/entity/88008
